Nome da Clínica;Telefone;Website Atual;Endereço;Avaliação;Link Google Maps
Implante Master, Clínica Odontológica na Pituba;(71) 3354-4555;https://implantemaster.com.br/?utm_source=gmeunegocio&utm_campaign=gmn;R. Altino Serbeto de Barros, 241 - Salas 1303/1304 - Pituba, Salvador - BA, 41830-492;4,9;https://www.google.com/maps/place/Implante+Master,+Cl%C3%ADnica+Odontol%C3%B3gica+na+Pituba/data=!4m7!3m6!1s0x7161b42ed94287f:0x4284aa70187e5787!8m2!3d-12.9985201!4d-38.465496!16s%2Fg%2F1tlvpqvx!19sChIJfyiU7UIbFgcRh1d-GHCqhEI?authuser=0&hl=pt-BR&rclk=1
Dentista em Salvador I Dr João Marques I Implante Dentário I Clareamento Dental I Clínica Odontológica da Barra;(71) 98266-8909;https://wa.me/5571982668909;R. Manoel Barreto, 354 - Graça, Salvador - BA, 40150-360;5,0;https://www.google.com/maps/place/Dentista+em+Salvador+I+Dr+Jo%C3%A3o+Marques+I+Implante+Dent%C3%A1rio+I+Clareamento+Dental+I+Cl%C3%ADnica+Odontol%C3%B3gica+da+Barra/data=!4m7!3m6!1s0x71603d027e5cbe3:0xf8304fc4c955823f!8m2!3d-13.001241!4d-38.5223978!16s%2Fg%2F11mywyd442!19sChIJ48vlJ9ADFgcRP4JVycRPMPg?authuser=0&hl=pt-BR&rclk=1
Implante Dentário Salvador;(71) 3341-5317;Não listado;Av. Tancredo Neves - Caminho das Árvores, Salvador - BA, 41820-020;5,0;https://www.google.com/maps/place/Implante+Dent%C3%A1rio+Salvador/data=!4m7!3m6!1s0x7161baba8f2ff97:0x11943003f2c90a1!8m2!3d-12.9783073!4d-38.4582371!16s%2Fg%2F11kn7kjbkk!19sChIJl__yqKsbFgcRoZAsPwBDGQE?authuser=0&hl=pt-BR&rclk=1
Oral Unic Implantes Salvador;(71) 3034-2222;https://www.oralunic.com.br/salvador-ba;Av. Paulo VI, 1805 - Pituba, Salvador - BA, 41810-000;4,9;https://www.google.com/maps/place/Oral+Unic+Implantes+Salvador/data=!4m7!3m6!1s0x7161b319ac6e809:0xf6c7e62171c77c92!8m2!3d-12.9899968!4d-38.45927!16s%2Fg%2F11h1f4zy9k!19sChIJCejGmjEbFgcRknzHcSHmx_Y?authuser=0&hl=pt-BR&rclk=1
Implantes dentários Salvador/ Dra Isadora Barros;(71) 98232-6137;Não listado;Rua edistio pondé,353, Cond Empresarial - Tancredo Neves, Salvador - BA, 41770-395;5,0;https://www.google.com/maps/place/Implantes+dent%C3%A1rios+Salvador%2F+Dra+Isadora+Barros/data=!4m7!3m6!1s0x7161b291b4a0177:0x7726128bf8a7d7cc!8m2!3d-12.98399!4d-38.4502288!16s%2Fg%2F11rd8g3ydq!19sChIJdwFKGykbFgcRzNen-IsSJnc?authuser=0&hl=pt-BR&rclk=1
NBI Implantes Dentários | Implantes e Próteses em Salvador;(71) 99687-1210;https://nbi.com.br/implantes/;Rua Almeida Garret, 69 - Pituba, Salvador - BA, 41815-320;4,5;https://www.google.com/maps/place/NBI+Implantes+Dent%C3%A1rios+%7C+Implantes+e+Pr%C3%B3teses+em+Salvador/data=!4m7!3m6!1s0x7161b6901a6c995:0x390d6bef9405f321!8m2!3d-12.9987518!4d-38.4601633!16s%2Fg%2F1td_5cm_!19sChIJlcmmAWkbFgcRIfMFlO9rDTk?authuser=0&hl=pt-BR&rclk=1
BioImplan Implantes Dentários Salvador;(71) 98234-8331;http://www.bioimplan.com/;Mundo Plaza Empresarial - Av. Tancredo Neves, 620 - Térreo loja 105 - Caminho das Árvores, Salvador - BA, 41820-020;5,0;https://www.google.com/maps/place/BioImplan+Implantes+Dent%C3%A1rios+Salvador/data=!4m7!3m6!1s0x7161b4a613ea2cf:0x333f4b618b803f9b!8m2!3d-12.9791085!4d-38.4608426!16s%2Fg%2F11t4d_jvyg!19sChIJz6I-YUobFgcRmz-Ai2FLPzM?authuser=0&hl=pt-BR&rclk=1
Clínica Bio Odonto | Implante Dentário | Invisalign | Pituba | Salvador - BA;(71) 3512-3204;http://clinicabioodonto.com.br/;Edifício Tropical Center - Av. Antônio Carlos Magalhães, 1116 - Sala 301D - Pituba, Salvador - BA, 41825-904;5,0;https://www.google.com/maps/place/Cl%C3%ADnica+Bio+Odonto+%7C+Implante+Dent%C3%A1rio+%7C+Invisalign+%7C+Pituba+%7C+Salvador+-+BA/data=!4m7!3m6!1s0x7161b69d4092445:0xd1be0f030c6f78d6!8m2!3d-12.9956525!4d-38.4679822!16s%2Fg%2F11fjzx_rq7!19sChIJRSQJ1GkbFgcR1nhvDAMPvtE?authuser=0&hl=pt-BR&rclk=1
Dentista em Salvador Centro Odontológico Medrado I Clínica Odontológica da Graça;(71) 99294-1924;https://medradoodontologia.com.br/;R. Comendador Horácio Urpia Júnior, 5 - Graça, Salvador - BA, 40150-250;5,0;https://www.google.com/maps/place/Dentista+em+Salvador+Centro+Odontol%C3%B3gico+Medrado+I+Cl%C3%ADnica+Odontol%C3%B3gica+da+Gra%C3%A7a/data=!4m7!3m6!1s0x716058675ff95f9:0xd6d76d7c677f4c99!8m2!3d-12.9959493!4d-38.5178388!16s%2Fg%2F11lqr03j6d!19sChIJ-ZX_dYYFFgcRmUx_Z3xt19Y?authuser=0&hl=pt-BR&rclk=1
Implantare;(71) 99742-5129;http://implantarebahia.com.br/;Mercantil Atacado - Av. Jequitaia, 411 - Calçada, Salvador - BA, 40411-000;5,0;https://www.google.com/maps/place/Implantare/data=!4m7!3m6!1s0x7160538d5825f9d:0x3b9100d1bf53e902!8m2!3d-12.9490359!4d-38.5005072!16s%2Fg%2F1pp2wzm8c!19sChIJnV-C1TgFFgcRAulTv9EAkTs?authuser=0&hl=pt-BR&rclk=1
HOE Hospital Odontológico Especializado em Implante Dentário;(71) 4102-7244;https://www.hospitalodontologico.com.br/;Avenida Luís Viana, 8544 - Piso L1, Av. Alphaville, Salvador - BA, 41730-101;4,9;https://www.google.com/maps/place/HOE+Hospital+Odontol%C3%B3gico+Especializado+em+Implante+Dent%C3%A1rio/data=!4m7!3m6!1s0x7161137b5f4eccd:0x2def1e4bb9d57b05!8m2!3d-12.9366876!4d-38.3945855!16s%2Fg%2F11h8kw6yf9!19sChIJzez0tTcRFgcRBXvVuUse7y0?authuser=0&hl=pt-BR&rclk=1
Dra. Daniela Barbosa | Implantes Dentários | Salvador | Clinica Odontológica;(71) 99175-8616;https://www.dradanielabarbosa.com/implantes;Av. Antônio Carlos Magalhães, 2487 - Brotas, Salvador - BA, 40280-000;5,0;https://www.google.com/maps/place/Dra.+Daniela+Barbosa+%7C+Implantes+Dent%C3%A1rios+%7C+Salvador+%7C+Clinica+Odontol%C3%B3gica/data=!4m7!3m6!1s0x7161b356fa40ec3:0x5ce1b8c1207c08be!8m2!3d-12.9895133!4d-38.4737837!16s%2Fg%2F11wfsdlsyn!19sChIJww6kbzUbFgcRvgh8IMG44Vw?authuser=0&hl=pt-BR&rclk=1
Dentista em Salvador I D João Pedro;(71) 98266-8909;https://api.whatsapp.com/message/DXUFHPZQXUBLA1?autoload=1&app_absent=0;Av. Centenário, 2883 - Chame-Chame - Barra, Salvador - BA, 40150-370;5,0;https://www.google.com/maps/place/Dentista+em+Salvador+I+D+Jo%C3%A3o+Pedro/data=!4m7!3m6!1s0x71603827a168f5f:0xade4becf3fbb7ae0!8m2!3d-13.0058471!4d-38.5225225!16s%2Fg%2F11yw156m_8!19sChIJX48WeoIDFgcR4Hq7P8--5K0?authuser=0&hl=pt-BR&rclk=1
Dra Ilana Neves- Dentista Salvador- Implantes Dentários Salvador;(71) 99126-6087;http://www.implantesdentariossalvador.com/;Empresarial Tancredo Neves - R. Edístio Pondé, 353 - salas 304 e 305 - STIEP, Salvador - BA, 41770-395;5,0;https://www.google.com/maps/place/Dra+Ilana+Neves-+Dentista+Salvador-+Implantes+Dent%C3%A1rios+Salvador/data=!4m7!3m6!1s0x7161b0f7d228707:0xf65af8e30270413d!8m2!3d-12.98399!4d-38.4502288!16s%2Fg%2F11c2p2y7pc!19sChIJB4cifQ8bFgcRPUFwAuP4WvY?authuser=0&hl=pt-BR&rclk=1
Dentista Dr Fausto Queiroz I Implante Dentário em Salvador;(71) 99954-4452;https://api.whatsapp.com/send?phone=5571999544452&text=Oi%20%2C%20vi%20no%20google%2C%20quero%20saber%20mais%20%20sobre%20o%20atendimento%20odontol%C3%B3gico;Condomínio Edifício Profissional Center - Av. Antônio Carlos Magalhães, 2501 - Brotas, Salvador - BA, 41192-065;5,0;https://www.google.com/maps/place/Dentista+Dr+Fausto+Queiroz+I+Implante+Dent%C3%A1rio+em+Salvador/data=!4m7!3m6!1s0x7161b48484c719b:0x4734065d46b8822d!8m2!3d-12.9898379!4d-38.4741683!16s%2Fg%2F11tmxqzsyv!19sChIJm3FMSEgbFgcRLYK4Rl0GNEc?authuser=0&hl=pt-BR&rclk=1
Odontoface - Clínica Odontológica em Salvador;(71) 2101-2834;Não listado;Av. Paulo VI, 642 - Pituba, Salvador - BA, 41810-001;4,9;https://www.google.com/maps/place/Odontoface+-+Cl%C3%ADnica+Odontol%C3%B3gica+em+Salvador/data=!4m7!3m6!1s0x7161b4633f0c305:0xa1dcc067e181a60e!8m2!3d-12.9966482!4d-38.4546107!16s%2Fg%2F11svfxc5h7!19sChIJBcPwM0YbFgcRDqaB4WfA3KE?authuser=0&hl=pt-BR&rclk=1
Dentista Baiano - Especialista em Implantes Dentários em Salvador;(71) 99923-3256;Não listado;Av. Vasco da Gama, 2335 - Sala 05 e 06 - Shopping Vasco da Gama, Salvador - BA, 40290-350;5,0;https://www.google.com/maps/place/Dentista+Baiano+-+Especialista+em+Implantes+Dent%C3%A1rios+em+Salvador/data=!4m7!3m6!1s0x71605806a3d715b:0x7e3526414c2104f2!8m2!3d-12.9896742!4d-38.5031358!16s%2Fg%2F11lcxcs6hw!19sChIJW3E9aoAFFgcR8gQhTEEmNX4?authuser=0&hl=pt-BR&rclk=1
DF Implantes - Odontologia Especializada;(71) 99391-0012;https://dfimplantes.com.br/;Condomínio Edifício Espaço Empresarial, 805, Sala 701 - Caminho das Árvores, Salvador - BA, 41820-000;5,0;https://www.google.com/maps/place/DF+Implantes+-+Odontologia+Especializada/data=!4m7!3m6!1s0x7161ba361b3c8f1:0xc75dbe4d3212ce2!8m2!3d-12.9783298!4d-38.4587123!16s%2Fg%2F11m63pynvy!19sChIJ8cizYaMbFgcR4iwh0-TbdQw?authuser=0&hl=pt-BR&rclk=1
Implante Dentário em Salvador;(71) 99319-4686;https://implantedentarioemsalvador.com.br/;Edifício Fernandez Plaza - Av. Antônio Carlos Magalhães, 2487 - Salas 2411, 2412, 2413 - Brotas, Salvador - BA, 40280-000;N/A;https://www.google.com/maps/place/Implante+Dent%C3%A1rio+em+Salvador/data=!4m7!3m6!1s0x7161b80f2a8ce6d:0x7787362ea2f6c7d8!8m2!3d-12.9895133!4d-38.4737837!16s%2Fg%2F11t6hjsjt9!19sChIJbc6o8oAbFgcR2Mf2oi42h3c?authuser=0&hl=pt-BR&rclk=1
Clínica Odontológica na Barra I Medrado Odontologia I Implante Dentário e outros I Dentista em Salvador, Ba;(71) 99294-1924;https://medradoodontologia.com.br/;Av. Centenário, 2883 - Chame-Chame, 40150-370, 4° andar, Sl 408 - Barra, Salvador - BA, 40150-370;5,0;https://www.google.com/maps/place/Cl%C3%ADnica+Odontol%C3%B3gica+na+Barra+I+Medrado+Odontologia+I+Implante+Dent%C3%A1rio+e+outros+I+Dentista+em+Salvador,+Ba/data=!4m7!3m6!1s0x7160527639d025b:0x76d4debad6645d4!8m2!3d-13.0059863!4d-38.5227006!16s%2Fg%2F11pyc5km01!19sChIJWwKdYycFFgcR1EVmretNbQc?authuser=0&hl=pt-BR&rclk=1
Dr. Luciano Dantas - DENTISTA SALVADOR;(71) 99306-1111;https://bio.site/lucianodantas;Avenida Luiz Viana filho, Wall Street Empresarial Número 6462 Patamares - Paralela, Salvador - BA, 41730-101;5,0;https://www.google.com/maps/place/Dr.+Luciano+Dantas+-+DENTISTA+SALVADOR/data=!4m7!3m6!1s0x71611296212c093:0xfddce0435292dc9!8m2!3d-12.9402058!4d-38.4127959!16s%2Fg%2F1pty4v9x8!19sChIJk8ASYikRFgcRyS0pNQTO3Q8?authuser=0&hl=pt-BR&rclk=1
Instituto Odontológico Dr. Pedro Alexandre;(71) 99271-4195;https://institutopedroalexandre.com.br/;Av. Tancredo Neves, 1632 Edf. Salvador Trade Center - Térreo - Caminho das Árvores, Salvador - BA, 41820-020;5,0;https://www.google.com/maps/place/Instituto+Odontol%C3%B3gico+Dr.+Pedro+Alexandre/data=!4m7!3m6!1s0x7161b727ccb5dd1:0xcc65995a22a6d284!8m2!3d-12.9834666!4d-38.4538831!16s%2Fg%2F11f6dq1lbq!19sChIJ0V3LfHIbFgcRhNKmIlqZZcw?authuser=0&hl=pt-BR&rclk=1
Bem Sorriso Implantes;(71) 3015-5484;https://clinicabemsorriso.com.br/pituba;R. Alexandre Herculano, 30 - Pituba, Salvador - BA, 41810-395;5,0;https://www.google.com/maps/place/Bem+Sorriso+Implantes/data=!4m7!3m6!1s0x7161bdc5e5621df:0xb7bd564885dbb82b!8m2!3d-12.9990857!4d-38.4598202!16s%2Fg%2F11wxyfh_bf!19sChIJ3yFWXtwbFgcRK7jbhUhWvbc?authuser=0&hl=pt-BR&rclk=1
Dr. Ari Sandes Sobral;(71) 99663-3804;https://www.arisandessobral.com/;Rua Leonor Calmon, 256 - Candeal, Salvador - BA, 40301-155;5,0;https://www.google.com/maps/place/Dr.+Ari+Sandes+Sobral/data=!4m7!3m6!1s0x71604a1dbbe0829:0x39af98559cf4f51a!8m2!3d-12.9942171!4d-38.4789794!16s%2Fg%2F11rrz38cq!19sChIJKQi-26EEFgcRGvX0nFWYrzk?authuser=0&hl=pt-BR&rclk=1
Hoe Hospital Odontológico Especializado em Implante Dentário;(71) 4102-7244;https://www.hospitalodontologico.com.br/;Av. Manoel Dias da Silva, 1783 - Pituba, Salvador - BA, 41830-001;4,9;https://www.google.com/maps/place/Hoe+Hospital+Odontol%C3%B3gico+Especializado+em+Implante+Dent%C3%A1rio/data=!4m7!3m6!1s0x7161b6133286225:0x2db9a660a1069e05!8m2!3d-13.0058786!4d-38.4605067!16s%2Fg%2F11gfj5x_jz!19sChIJJWIoM2EbFgcRBZ4GoWCmuS0?authuser=0&hl=pt-BR&rclk=1
Proimplante;(71) 98791-0033;http://proimplante.com.br/;Av. Antônio Carlos Magalhães, 585 - 1º andar Salas 101/102/103/104 - Itaigara, Salvador - BA, 41825-000;5,0;https://www.google.com/maps/place/Proimplante/data=!4m7!3m6!1s0x7161b3e7df9c00f:0x546da7e2d63cbf31!8m2!3d-12.998106!4d-38.4635524!16s%2Fg%2F1ptxrf77v!19sChIJD8D5fT4bFgcRMb881uKnbVQ?authuser=0&hl=pt-BR&rclk=1
Dr. Bruno Guida Periodontista;(71) 98677-9247;https://periodontistasalvador.com.br/;Ed. Salvador Trade Center, torre Norte - Av. Tancredo Neves, 1632 - sala 714 - Caminho das Árvores, Salvador - BA, 41820-020;5,0;https://www.google.com/maps/place/Dr.+Bruno+Guida+Periodontista/data=!4m7!3m6!1s0x7161b5ef6353dab:0x64844688dd402e16!8m2!3d-12.9837129!4d-38.4537432!16s%2Fg%2F11grbxy84q!19sChIJqz019l4bFgcRFi5A3YhGhGQ?authuser=0&hl=pt-BR&rclk=1
Medicina Oral;(71) 99382-1116;http://clinicamedicinaoral.com.br/;Rua Leonor M, C C Bitencourt, 256 - Sala 102 - Candeal, Salvador - BA, 40296-210;4,9;https://www.google.com/maps/place/Medicina+Oral/data=!4m7!3m6!1s0x7161b4e976c322f:0xe4283151b998d814!8m2!3d-12.9942851!4d-38.4789748!16s%2Fg%2F1trvlmsj!19sChIJLzJsl04bFgcRFNiYuVExKOQ?authuser=0&hl=pt-BR&rclk=1
Iappem Clinic | Clínica Odontológica em Salvador - BA;(71) 98242-4363;https://iappemclinicodontologia.com.br/;Marinho de Esquina - Av. Fernandes da Cunha, 117 - Casa Azul - Roma, Salvador - BA, 40445-200;5,0;https://www.google.com/maps/place/Iappem+Clinic+%7C+Cl%C3%ADnica+Odontol%C3%B3gica+em+Salvador+-+BA/data=!4m7!3m6!1s0x716059ea032c779:0x6c2fe50d626a7faa!8m2!3d-12.937576!4d-38.504541!16s%2Fg%2F11mm48qmx0!19sChIJeccyoJ4FFgcRqn9qYg3lL2w?authuser=0&hl=pt-BR&rclk=1
Marchionni Reabilitação e Estética;(71) 3043-5954;https://clinicamarchionni.com.br/;Ed. CEO Salvador, Shopping Torre Londres - R. Frederico Simões, 2539 - salas 2004/2005 - Caminho das Árvores, Salvador - BA, 41820-774;5,0;https://www.google.com/maps/place/Marchionni+Reabilita%C3%A7%C3%A3o+e+Est%C3%A9tica/data=!4m7!3m6!1s0x7161be5ad752c81:0xe546146489b96d81!8m2!3d-12.9795584!4d-38.4523654!16s%2Fg%2F11g1ls242c!19sChIJgSx1reUbFgcRgW25iWQURuU?authuser=0&hl=pt-BR&rclk=1
Clínica Oral Excellence;(71) 3356-2400;https://oralexcellence.com.br/;Av. Dom João VI, 1041 - Brotas, Salvador - BA, 40285-000;4,9;https://www.google.com/maps/place/Cl%C3%ADnica+Oral+Excellence/data=!4m7!3m6!1s0x7160557915f2d33:0x3c519dfb235c1d56!8m2!3d-12.9896491!4d-38.490756!16s%2Fg%2F11kkql_31h!19sChIJMy1fkVcFFgcRVh1cI_udUTw?authuser=0&hl=pt-BR&rclk=1
Dr. Maurício Bulhões - Implantes Dentários;(71) 3341-8276;https://www.mauriciobulhoes.com.br/implantes-v1;Premier Tower - Av. Prof. Magalhães Neto, Sala 906 a 910 - Caminho das Árvores, Salvador - BA, 41192-155;5,0;https://www.google.com/maps/place/Dr.+Maur%C3%ADcio+Bulh%C3%B5es+-+Implantes+Dent%C3%A1rios/data=!4m7!3m6!1s0x7161b72d6fed32f:0x83275ba3017a599b!8m2!3d-12.9913194!4d-38.450551!16s%2Fg%2F11cllnfmlq!19sChIJL9P-1nIbFgcRm1l6AaNbJ4M?authuser=0&hl=pt-BR&rclk=1
Peridonto Consultório Odontológico;(71) 99634-0884;Não listado;Rua Estrada de Campinas,327 Edf Lorena Flores, sala 201 - São Caetano, Salvador - BA, 40391-160;4,9;https://www.google.com/maps/place/Peridonto+Consult%C3%B3rio+Odontol%C3%B3gico/data=!4m7!3m6!1s0x7161b63f52746bf:0x19952895596edafb!8m2!3d-12.9327823!4d-38.4816708!16s%2Fg%2F11h1j_0m44!19sChIJv0Yn9WMbFgcR-9puWZUolRk?authuser=0&hl=pt-BR&rclk=1
O Dentista - Clinica Odontológica em Salvador;(71) 3242-7486;http://www.odentistabrasil.com.br/;edf Serra da Raiz - R. da Grécia, 165 - Loja 06 Térreo - Comércio, Salvador - BA, 40010-010;4,9;https://www.google.com/maps/place/O+Dentista+-+Clinica+Odontol%C3%B3gica+em+Salvador/data=!4m7!3m6!1s0x71604e50b5c895f:0xb3a7fd27c17c91a5!8m2!3d-12.9715699!4d-38.5142753!16s%2Fg%2F1v6qhtx2!19sChIJX4lcC-UEFgcRpZF8wSf9p7M?authuser=0&hl=pt-BR&rclk=1
DENTISTA SALVADOR;(71) 99619-7601;https://dentistasalvador.com.br/;R. Dr. José Peroba - STIEP, Salvador - BA, 41770-235;4,9;https://www.google.com/maps/place/DENTISTA+SALVADOR/data=!4m7!3m6!1s0x7161b0f7a69003d:0xcbb9104750933f2f!8m2!3d-12.9870937!4d-38.4484524!16s%2Fg%2F11hd1pvgbv!19sChIJPQBpeg8bFgcRLz-TUEcQucs?authuser=0&hl=pt-BR&rclk=1
Oral Unic Implantes - Dr. Gabriel Paternostro;(71) 99976-9654;Não listado;Av. Paulo VI, 1805 - Pituba, Salvador - BA, 41810-000;5,0;https://www.google.com/maps/place/Oral+Unic+Implantes+-+Dr.+Gabriel+Paternostro/data=!4m7!3m6!1s0x7161b1485350295:0xbbc5f06ddb606c4b!8m2!3d-12.9899968!4d-38.45927!16s%2Fg%2F11t74c7jl_!19sChIJlQI1hRQbFgcRS2xg223wxbs?authuser=0&hl=pt-BR&rclk=1
Oral Sin Implantes Salvador;(71) 99730-8655;https://oralsinsalvadorondina.com.br/oral-sin-salvador/;Av. Milton Santos, 190 - Ondina, Salvador - BA, 40170-110;4,9;https://www.google.com/maps/place/Oral+Sin+Implantes+Salvador/data=!4m7!3m6!1s0x71603f1aecb8aa5:0xda55decd532b6ea5!8m2!3d-13.0088909!4d-38.5088268!16s%2Fg%2F11rsmrrk05!19sChIJpYrLrvEDFgcRpW4rU83eVdo?authuser=0&hl=pt-BR&rclk=1
Dra. Tatiana Mendes;(71) 99954-4452;https://wa.me/557199544452;Avenida Antônio Carlos Magalhães, Condomínio Edifício Profissional Center, 2501 - Brotas, Salvador - BA, 41192-065;4,9;https://www.google.com/maps/place/Dra.+Tatiana+Mendes/data=!4m7!3m6!1s0x7161b47e490de91:0x6ebcb6352524a979!8m2!3d-12.9901402!4d-38.4738837!16s%2Fg%2F11f3j8nltb!19sChIJkd6Q5EcbFgcReakkJTW2vG4?authuser=0&hl=pt-BR&rclk=1
Clínica Odontológica IC Odontologia Estética - Clareamento Dental - Prótese Dentária ✅;(71) 99143-6981;https://www.melhorhora.com.br/vitrine/ic-odontologia;Ed. Nina - Rua Thomaz Gonzaga, 82 - sala 03 - Pernambués, Salvador - BA, 41100-000;5,0;https://www.google.com/maps/place/Cl%C3%ADnica+Odontol%C3%B3gica+IC+Odontologia+Est%C3%A9tica+-+Clareamento+Dental+-+Pr%C3%B3tese+Dent%C3%A1ria+%E2%9C%85/data=!4m7!3m6!1s0x7161bff1f7aebe3:0x2f2e3b8777427e93!8m2!3d-12.9648953!4d-38.4684339!16s%2Fg%2F11jk5_gbzz!19sChIJ4-t6H_8bFgcRk35Cd4c7Li8?authuser=0&hl=pt-BR&rclk=1
Instituto Bioimplante;(71) 3353-0575;https://lp.institutobioimplante.com.br/;Complexo Odonto Médico Itaigara, Edf. Pierre Fauchard - Av. Antônio Carlos Magalhães, 585 - Itagaira, Salvador - BA, 41825-000;4,9;https://www.google.com/maps/place/Instituto+Bioimplante/data=!4m7!3m6!1s0x7161b6897a29cb7:0xe0ce8e1428be44dc!8m2!3d-12.99791!4d-38.463652!16s%2Fg%2F1tdm3y3r!19sChIJt5yil2gbFgcR3ES-KBSOzuA?authuser=0&hl=pt-BR&rclk=1
⭐Dr Francisco Rosa - IMPLANTE DENTÁRIO;(71) 99156-9503;https://business.google.com/v/_/01055275374252284642/ed38/_?;Memorial Linus Pauling, Edificio Itaigara - R. Altino Serbeto de Barros, 119 - Loja 5 Terreo - Itaigara, Salvador - BA, 41830-492;5,0;https://www.google.com/maps/place/%E2%AD%90Dr+Francisco+Rosa+-+IMPLANTE+DENT%C3%81RIO/data=!4m7!3m6!1s0x7161b0031d2a4e1:0x3dd833b53fed4dda!8m2!3d-12.9981644!4d-38.4643766!16s%2Fg%2F11vyzsjnvx!19sChIJ4aTSMQAbFgcR2k3tP7Uz2D0?authuser=0&hl=pt-BR&rclk=1
Bem Sorriso Implantes;(71) 3015-5484;https://clinicabemsorriso.com.br/itapua/;Av Dorival Caymmi, 28, loja 4, térreo - Itapuã, Salvador - BA, 41635-151;4,9;https://www.google.com/maps/place/Bem+Sorriso+Implantes/data=!4m7!3m6!1s0x716177ce4fdaacf:0xfdb2b1e8c6f0b7b4!8m2!3d-12.9477884!4d-38.3673913!16s%2Fg%2F11c2lr91gg!19sChIJz6r95HwXFgcRtLfwxuixsv0?authuser=0&hl=pt-BR&rclk=1
Anma Odontologia Integrada, Clínica Odontológica em Salvador, Parque Bela Vista.;(71) 98290-3357;http://www.anmaodontologia.com.br/;Rua Senador Theotônio Vilela, 190 - sala 903 - Brotas, Salvador - BA, 40279-435;4,9;https://www.google.com/maps/place/Anma+Odontologia+Integrada,+Cl%C3%ADnica+Odontol%C3%B3gica+em+Salvador,+Parque+Bela+Vista./data=!4m7!3m6!1s0x7161b0d09c75d5d:0x39beac385e9d36b2!8m2!3d-12.9879527!4d-38.4718421!16s%2Fg%2F11fkyy2tb0!19sChIJXV3HCQ0bFgcRsjadXjisvjk?authuser=0&hl=pt-BR&rclk=1
CLINICA IMPLANTE MASTER;(71) 98735-5383;https://implantemaster.com.br/;R. Ismar Araújo, 05 - Pau da Lima, Salvador - BA, 41235-010;5,0;https://www.google.com/maps/place/CLINICA+IMPLANTE+MASTER/data=!4m7!3m6!1s0x716111269d4d42f:0x8940dba2ad6e0af9!8m2!3d-12.916252!4d-38.442602!16s%2Fg%2F11sczy8kfn!19sChIJL9TUaRIRFgcR-QpuraLbQIk?authuser=0&hl=pt-BR&rclk=1
Clínica Ayra Estética Orofacial;(71) 99103-8527;Não listado;Clínica Ayra, Ed. Max Center - Av. Antônio Carlos Magalhães, 846 - 1° andar, Sala 115 - Itaigara, Salvador - BA, 40210-755;4,9;https://www.google.com/maps/place/Cl%C3%ADnica+Ayra+Est%C3%A9tica+Orofacial/data=!4m7!3m6!1s0x716058f3a5227e9:0x6a382fc7791aaff3!8m2!3d-12.9961359!4d-38.4653762!16s%2Fg%2F11kjg8rkhf!19sChIJ6SdSOo8FFgcR868aeccvOGo?authuser=0&hl=pt-BR&rclk=1
Oral Clean Odontologia Digital - Drª Luciana Sarno;(71) 3341-4057;https://www.adoromeusorriso.com.br/;Av. Tancredo Neves, 1632 sala 711 Edifício Salvador Trade Center - Torre Norte - Caminho das Árvores, Salvador - BA, 41820-915;4,9;https://www.google.com/maps/place/Oral+Clean+Odontologia+Digital+-+Dr%C2%AA+Luciana+Sarno/data=!4m7!3m6!1s0x7161b057929a6a3:0x9069a592b8349454!8m2!3d-12.9833052!4d-38.4536949!16s%2Fg%2F1s04fp4tz!19sChIJo6YpeQUbFgcRVJQ0uJKlaZA?authuser=0&hl=pt-BR&rclk=1
CLIOPAF;(71) 3358-4938;http://cliopaf.com.br/;AV TANCREDO NEVES N620 EDF MUNDO PLAZA SALA 517/518 - Caminho das Árvores, Salvador - BA, 41820-021;4,9;https://www.google.com/maps/place/CLIOPAF/data=!4m7!3m6!1s0x7161bd705a1e6b5:0xd37435a15271cf58!8m2!3d-12.9794415!4d-38.4607438!16s%2Fg%2F11h3mwp3mk!19sChIJteahBdcbFgcRWM9xUqE1dNM?authuser=0&hl=pt-BR&rclk=1
Lappidare Clínica Odontológica | Salvador;(71) 98772-3832;Não listado;Av. Luís Viana Filho, 6462 - Paralela, Salvador - BA, 41730-101;5,0;https://www.google.com/maps/place/Lappidare+Cl%C3%ADnica+Odontol%C3%B3gica+%7C+Salvador/data=!4m7!3m6!1s0x7161140a6e3bcff:0xd7f22c6d664a93ef!8m2!3d-12.9400545!4d-38.4126497!16s%2Fg%2F11z4y4vzn2!19sChIJ_7zjpkARFgcR75NKZm0s8tc?authuser=0&hl=pt-BR&rclk=1
Dentelle Clínica Odontológica | Ortodontia | Prótese | Salvador-Ba;(71) 99380-9908;http://www.clinicadentelle.com.br/;Torre Londres - Av. Tancredo Neves, 2539 CEO Salvador Shopping, Sala 908 - Caminho das Árvores, Salvador - BA, 41820-021;4,7;https://www.google.com/maps/place/Dentelle+Cl%C3%ADnica+Odontol%C3%B3gica+%7C+Ortodontia+%7C+Pr%C3%B3tese+%7C+Salvador-Ba/data=!4m7!3m6!1s0x7161b2d148c3cd3:0x41afcd56748b27f9!8m2!3d-12.9794507!4d-38.4522353!16s%2Fg%2F11gtd16pj3!19sChIJ0zyMFC0bFgcR-SeLdFbNr0E?authuser=0&hl=pt-BR&rclk=1
Voyah Clinic | Odontologia em Salvador;(71) 99998-4986;https://voyahclinic.com.br/;Avenida Tancredo Neves. 2539, edificio CEO, sala 1807/1808, torre nova iorque - Caminho das Árvores, Salvador - BA, 41820-021;5,0;https://www.google.com/maps/place/Voyah+Clinic+%7C+Odontologia+em+Salvador/data=!4m7!3m6!1s0x7161b9fa2864377:0x8617c1473cc0c231!8m2!3d-12.979289!4d-38.4520103!16s%2Fg%2F11zhm1kyd9!19sChIJd0OGop8bFgcRMcLAPEfBF4Y?authuser=0&hl=pt-BR&rclk=1
Dentista Salvador - Ornatti;(71) 99955-4347;http://dentistisalvador.com/?utm_source=gmb&utm_medium=referral;R. Edístio Pondé, sala 806 - STIEP, Salvador - BA, 41770-395;5,0;https://www.google.com/maps/place/Dentista+Salvador+-+Ornatti/data=!4m7!3m6!1s0x7161bca06f5f01b:0x9885646c82b4ddc6!8m2!3d-12.9839367!4d-38.4501225!16s%2Fg%2F11rd5hh6xl!19sChIJG_D1BsobFgcRxt20gmxkhZg?authuser=0&hl=pt-BR&rclk=1
Cliodonto;(71) 3431-2428;Não listado;Térreo, R. Escritor Édison Carneiro, n 73 - Pernambués, Salvador - BA, 41130-010;5,0;https://www.google.com/maps/place/Cliodonto/data=!4m7!3m6!1s0x7161ae15fc03a81:0xb0fc8fb3b69cfcdf!8m2!3d-12.9692587!4d-38.4587665!16s%2Fg%2F1ptw9pm9t!19sChIJgTrAX-EaFgcR3_yctrOP_LA?authuser=0&hl=pt-BR&rclk=1
Clínica Adente;(71) 99323-0358;Não listado;Condomínio Edifício Fernandez - Av. Sete de Setembro, 302 - Sala 406 a 410, 4° andar - Centro, Salvador - BA, 40020-455;4,9;https://www.google.com/maps/place/Cl%C3%ADnica+Adente/data=!4m7!3m6!1s0x71605fe508d2791:0x853420f9a7289732!8m2!3d-12.9801883!4d-38.5145551!16s%2Fg%2F11h0b1r4tn!19sChIJkSeNUP4FFgcRMpcop_kgNIU?authuser=0&hl=pt-BR&rclk=1
Clínica Odontológica LAVID;(71) 98329-4818;http://www.clinicalavid.com.br/;Torre East Wall Street Empresarial - Av. Luís Viana Filho, 6462 - sala 323 - Paralela, Salvador - BA, 41730-101;5,0;https://www.google.com/maps/place/Cl%C3%ADnica+Odontol%C3%B3gica+LAVID/data=!4m7!3m6!1s0x716114fe6c4673f:0x357b7fb2943ba9a5!8m2!3d-12.9399762!4d-38.4125654!16s%2Fg%2F11q23jxfpq!19sChIJP2fE5k8RFgcRpak7lLJ_ezU?authuser=0&hl=pt-BR&rclk=1
Easydente Odontologia Especializada em Ondina, Salvador;(71) 98116-2657;https://www.easydente.com.br/;Ed. Centro Médico Garibaldi - Av. Anita Garibaldi, 1555 - SL 208 - Federação, Salvador - BA, 40210-902;5,0;https://www.google.com/maps/place/Easydente+Odontologia+Especializada+em+Ondina,+Salvador/data=!4m7!3m6!1s0x716054960376673:0x29d44d3d743daf30!8m2!3d-13.0020163!4d-38.503182!16s%2Fg%2F11j3rrs88f!19sChIJc2Y3YEkFFgcRMK89dD1N1Ck?authuser=0&hl=pt-BR&rclk=1
Easydente Odontologia Especializada em Ondina, Salvador;(71) 98116-2657;https://www.easydente.com.br/;Ed. Centro Médico Garibaldi - Av. Anita Garibaldi, 1555 - SL 208 - Federação, Salvador - BA, 40210-902;5,0;https://www.google.com/maps/place/Easydente+Odontologia+Especializada+em+Ondina,+Salvador/data=!4m7!3m6!1s0x716054960376673:0x29d44d3d743daf30!8m2!3d-13.002016!4d-38.503182!16s%2Fg%2F11j3rrs88f!19sChIJc2Y3YEkFFgcRMK89dD1N1Ck?authuser=0&hl=pt-BR&rclk=1
Sua Dentista em casa - Odontologia Domiciliar;N/A;https://suadentistaemcasa.com.br/;Centro Empresarial Itaigara Sul, 5º - Av. Antônio Carlos Magalhães, 429 - andar, sala 510 - Itaigara, Salvador - BA, 41925-000;5,0;https://www.google.com/maps/place/Sua+Dentista+em+casa+-+Odontologia+Domiciliar/data=!4m7!3m6!1s0x7161bb28b6ce633:0x69021acc2b72f2c5!8m2!3d-12.998553!4d-38.4622637!16s%2Fg%2F11q8v4s4z0!19sChIJM-Zsi7IbFgcRxfJyK8waAmk?authuser=0&hl=pt-BR&rclk=1
Vitta Odontologia;(71) 98233-0767;https://www.vittaodontologia.com/;Av. Antônio Carlos Magalhães, 585 - bloco A, sala 1305 - Itaigara, Salvador - BA, 41825-000;4,7;https://www.google.com/maps/place/Vitta+Odontologia/data=!4m7!3m6!1s0x7161b6aa2ff77ed:0x272838d91ce1a22a!8m2!3d-12.998106!4d-38.4635524!16s%2Fg%2F11gnp46d1t!19sChIJ7Xf_omobFgcRKqLhHNk4KCc?authuser=0&hl=pt-BR&rclk=1
Dr.Leonardo Galvão;(71) 99668-8317;https://www.drleonardogalvao.com.br/;torre nova york - Av. Tancredo Neves, nº 2539 - sala 1203 - Caminho das Árvores, Salvador - BA, 41820-021;5,0;https://www.google.com/maps/place/Dr.Leonardo+Galv%C3%A3o/data=!4m7!3m6!1s0x7161bec391871bb:0x597832b0a3e2e7d1!8m2!3d-12.9791456!4d-38.463039!16s%2Fg%2F11ftxvp64d!19sChIJu3EYOewbFgcR0efio7AyeFk?authuser=0&hl=pt-BR&rclk=1
Implanteface - Odontologia Especializada;(71) 99626-6145;https://www.instagram.com/implanteface_odontoestetica?igsh=MXFuZmVvMWZhN2M0eg==;Galeria Jorge Amado - Av. Jorge Amado, 101A - Boca do Rio, Salvador - BA, 41705-001;5,0;https://www.google.com/maps/place/Implanteface+-+Odontologia+Especializada/data=!4m7!3m6!1s0x7161bd26d876b6f:0x1adec9ab3a9069eb!8m2!3d-12.9732502!4d-38.4198815!16s%2Fg%2F11xsrjflx8!19sChIJb2uHbdIbFgcR62mQOqvJ3ho?authuser=0&hl=pt-BR&rclk=1
Dr. André Cardoso;(71) 99989-0813;Não listado;Av. Anita Garibaldi,1133 CENTRO ODONTOMEDICO ITAMARATY, Sala 603 - Ondina, Salvador - BA, 40170-130;5,0;https://www.google.com/maps/place/Dr.+Andr%C3%A9+Cardoso/data=!4m7!3m6!1s0x71604c4102cccd5:0xaa8becde8148bd72!8m2!3d-12.9990064!4d-38.5054195!16s%2Fg%2F1tp0dw5t!19sChIJ1cwsEMQEFgcRcr1Igd7si6o?authuser=0&hl=pt-BR&rclk=1
Clínica Implanto;(71) 3358-8500;Não listado;R. Altino Serbeto de Barros, 119 - sala 1401 - Itaigara, Salvador - BA, 41830-907;5,0;https://www.google.com/maps/place/Cl%C3%ADnica+Implanto/data=!4m7!3m6!1s0x7161b428ea21f87:0x6c19fb7abe37a789!8m2!3d-12.9984248!4d-38.4643995!16s%2Fg%2F1trc54hp!19sChIJhx-ijkIbFgcRiac3vnr7GWw?authuser=0&hl=pt-BR&rclk=1
Dr. Remo Pace - Implantes, Próteses e Restauração Dentária em Salvador;(71) 99921-7446;Não listado;Av. Tancredo Neves, 909 - C. Das Árvores, Salvador - BA, 41820-021;5,0;https://www.google.com/maps/place/Dr.+Remo+Pace+-+Implantes,+Pr%C3%B3teses+e+Restaura%C3%A7%C3%A3o+Dent%C3%A1ria+em+Salvador/data=!4m7!3m6!1s0x7161b9c0ffb4697:0x4bf411bbb4a4bd35!8m2!3d-12.9788323!4d-38.458235!16s%2Fg%2F11yqf4s5y8!19sChIJl0b7D5wbFgcRNb2ktLsR9Es?authuser=0&hl=pt-BR&rclk=1
Dra Itana Andrade - Perioclinic Odontologia;(71) 99139-5762;Não listado;Emp Brotas Master - Av. Dom João VI, 2082 - sala 209 - Brotas, Salvador - BA, 40285-000;5,0;https://www.google.com/maps/place/Dra+Itana+Andrade+-+Perioclinic+Odontologia/data=!4m7!3m6!1s0x716059703c2961b:0xa4c4466e37ef7035!8m2!3d-12.9894534!4d-38.4822892!16s%2Fg%2F11ddx6xf7h!19sChIJG5bCA5cFFgcRNXDvN25GxKQ?authuser=0&hl=pt-BR&rclk=1
Optical Dental Clinic | Consultório Odontológico | Clínica Dental;(71) 98633-8197;https://opticalodonto.com.br/;Av. Prof. Magalhães Neto, 1450 - Sala 608 - Pituba, Salvador - BA, 41810-012;5,0;https://www.google.com/maps/place/Optical+Dental+Clinic+%7C+Consult%C3%B3rio+Odontol%C3%B3gico+%7C+Cl%C3%ADnica+Dental/data=!4m7!3m6!1s0x7161b1c4ff0ea13:0xedfba63d1d6f329e!8m2!3d-12.987762!4d-38.4496637!16s%2Fg%2F11h6pyqv8s!19sChIJE-rwTxwbFgcRnjJvHT2m--0?authuser=0&hl=pt-BR&rclk=1
BrisaOdonto - Protocolo sobre Implantes | Implante Dentário | Dentista no Imbuí;(71) 99697-6783;https://api.whatsapp.com/message/CXEMJVPVIJLRB1?autoload=1&app_absent=0;R. dos Colibrís, 79 - sala 204 - Imbuí, Salvador - BA, 41720-060;5,0;https://www.google.com/maps/place/BrisaOdonto+-+Protocolo+sobre+Implantes+%7C+Implante+Dent%C3%A1rio+%7C+Dentista+no+Imbu%C3%AD/data=!4m7!3m6!1s0x7161b123a9fc26f:0xd564dc6b0d2dd00b!8m2!3d-12.9703861!4d-38.4386351!16s%2Fg%2F11qbs92kty!19sChIJb8KfOhIbFgcRC9AtDWvcZNU?authuser=0&hl=pt-BR&rclk=1
Bio Odonto Barra | Clínica Odontológica;(71) 98477-0143;https://barra.clinicabioodonto.com.br/;R. Dias d'Ávila, 96 - Barra, Salvador - BA, 40140-270;5,0;https://www.google.com/maps/place/Bio+Odonto+Barra+%7C+Cl%C3%ADnica+Odontol%C3%B3gica/data=!4m7!3m6!1s0x716038b9def8687:0x9d22ae4df566e8c7!8m2!3d-13.0091356!4d-38.5308264!16s%2Fg%2F11zklmtpkt!19sChIJh4bvnYsDFgcRx-hm9U2uIp0?authuser=0&hl=pt-BR&rclk=1
IMPLO;(71) 98189-1049;Não listado;Ed. Complexo Odontomedico - Av. Antônio Carlos Magalhães, 585 - Itaigara, Salvador - BA, 41825-000;4,8;https://www.google.com/maps/place/IMPLO/data=!4m7!3m6!1s0x7161b40ffffffff:0xbd325df2096431a!8m2!3d-12.9981479!4d-38.4635581!16s%2Fg%2F1tyt5k01!19sChIJ_____0AbFgcRGkOWIN8l0ws?authuser=0&hl=pt-BR&rclk=1
Novaface Clínica Odontológica;(71) 98102-7919;https://novafaceclinicaodontologica.systeme.io/siteoficial;Edf. Citibank - R. Miguel Calmon, 555 - sala 712 - Comércio, Salvador - BA, 40010-020;5,0;https://www.google.com/maps/place/Novaface+Cl%C3%ADnica+Odontol%C3%B3gica/data=!4m7!3m6!1s0x7161b68ac9587f1:0xdceed2d4c51f1fa2!8m2!3d-12.9691066!4d-38.5104328!16s%2Fg%2F1q5gkx6nb!19sChIJ8YeVrGgbFgcRoh8fxdTS7tw?authuser=0&hl=pt-BR&rclk=1
Avanço Odontologia Moderna;(71) 99205-1474;Não listado;edf. Thomé de Souza - Av. Antônio Carlos Magalhães, 3244 - Sala 620 - Caminho das Árvores, Salvador - BA, 41820-000;4,9;https://www.google.com/maps/place/Avan%C3%A7o+Odontologia+Moderna/data=!4m7!3m6!1s0x7161b2b503592c5:0x7ef8956ccd8120e9!8m2!3d-12.9878908!4d-38.4667412!16s%2Fg%2F11rqch5_hc!19sChIJxZI1UCsbFgcR6SCBzWyV-H4?authuser=0&hl=pt-BR&rclk=1
Idealiza Odontologia Premium;(71) 99606-2116;https://idealizaodontologia.com.br/;Torre Londres - Av. Tancredo Neves, 2539 - Sala 2116 - Caminho das Árvores, Salvador - BA, 41820-021;5,0;https://www.google.com/maps/place/Idealiza+Odontologia+Premium/data=!4m7!3m6!1s0x7161b361a71ffaf:0x1581bc4983da0592!8m2!3d-12.9794368!4d-38.4522807!16s%2Fg%2F11wvyr44pf!19sChIJr_9xGjYbFgcRkgXag0m8gRU?authuser=0&hl=pt-BR&rclk=1
Clínica Spazio Boutique Oral - Odontologia em Salvador;(71) 99954-1122;https://spazioboutiqueoral.com.br/;Torre Nova Iorque - Av. Tancredo Neves, 2539 - sl 1808 - Caminho das Árvores, Salvador - BA, 41820-021;4,9;https://www.google.com/maps/place/Cl%C3%ADnica+Spazio+Boutique+Oral+-+Odontologia+em+Salvador/data=!4m7!3m6!1s0x7161b828680b5b7:0x829cae6736f3ef08!8m2!3d-12.9795879!4d-38.4521893!16s%2Fg%2F11j4sgrg3r!19sChIJt7WAhoIbFgcRCO_zNmeunII?authuser=0&hl=pt-BR&rclk=1
